report_month,report_period,sector,agency,indicator,unit,period_scope,target_km,actual_km,previous_year_actual_km,target_achievement_pct,yoy_variation_pct,source_file,source_page,target_gap_pct
2025-03,March 2025,Roads & Highways,NHAI,Widening / strengthening of existing weak pavement to four/six/eight lanes,Km,Monthly,825.0,1289.0,2053.0,156.24,-37.21,CompleteReviewReportMarch2025.pdf,38,56.24
2025-03,April 2024-March 2025,Roads & Highways,NHAI,Widening / strengthening of existing weak pavement to four/six/eight lanes,Km,Annual cumulative,5000.0,5614.0,6644.0,112.28,-15.5,CompleteReviewReportMarch2025.pdf,38,12.28
2025-06,June 2025,Roads & Highways,NHAI,Widening / strengthening of existing weak pavement to four/six/eight lanes,Km,Monthly,,350.0,289.0,,21.11,CompleteReviewReportJune2025.pdf,44,
2025-06,April-June 2025,Roads & Highways,NHAI,Widening / strengthening of existing weak pavement to four/six/eight lanes,Km,Cumulative FY 2025-26,,1041.21,940.0,,10.77,CompleteReviewReportJune2025.pdf,44,
2025-07,July 2025,Roads & Highways,NHAI,Widening / strengthening of existing weak pavement to four/six/eight lanes,Km,Monthly,232.0,235.0,330.0,101.29,-28.79,CompleteReviewReportJuly2025.pdf,48,1.29
2025-07,April-July 2025,Roads & Highways,NHAI,Widening / strengthening of existing weak pavement to four/six/eight lanes,Km,Cumulative FY 2025-26,1444.0,1276.45,1271.0,88.4,0.43,CompleteReviewReportJuly2025.pdf,48,-11.6
2025-09,September 2025,Roads & Highways,NHAI,Widening / strengthening of existing weak pavement to four/six/eight lanes,Km,Monthly,253.0,178.0,160.0,70.36,11.25,ReviewReportSep25.pdf,54,-29.64
2025-09,April-September 2025,Roads & Highways,NHAI,Widening / strengthening of existing weak pavement to four/six/eight lanes,Km,Cumulative FY 2025-26,1868.0,1583.4,1646.0,84.77,-3.8,ReviewReportSep25.pdf,54,-15.24
2025-10,October 2025,Roads & Highways,NHAI,Widening / strengthening of existing weak pavement to four/six/eight lanes,Km,Monthly,415.0,323.0,376.0,77.83,-14.1,ReviewReportOct25.pdf,49,-22.17
2025-10,April-October 2025,Roads & Highways,NHAI,Widening / strengthening of existing weak pavement to four/six/eight lanes,Km,Cumulative FY 2025-26,2282.0,1907.0,2022.0,83.48,-5.69,ReviewReportOct25.pdf,49,-16.43
2025-11,November 2025,Roads & Highways,NHAI,Widening / strengthening of existing weak pavement to four/six/eight lanes,Km,Monthly,473.0,446.0,403.0,94.29,10.67,ReviewReportNov25.pdf,51,-5.71
2025-11,April-November 2025,Roads & Highways,NHAI,Widening / strengthening of existing weak pavement to four/six/eight lanes,Km,Cumulative FY 2025-26,2756.0,2353.0,2425.0,85.38,-2.97,ReviewReportNov25.pdf,51,-14.62
